Year,Total_output_p,Total_output_q,Livestock_and_products_total_p,Livestock_and_products_total_q,Livestock_and_products_Meat_animals_p,Livestock_and_products_Meat_animals_q,Livestock_and_products_Dairy_p,Livestock_and_products_Dairy_q,Livestock_and_products_Poultry_and_eggs_p,Livestock_and_products_Poultry_and_eggs_q,Crops_Total_p,Crops_Total_q,Crops_Food_crops_p,Crops_Food_crops_q,Crops_Feed_crops_p,Crops_Feed_crops_q,Crops_Oil_crops_p,Crops_Oil_crops_q,Crops_Vegetables_and_melons_p,Crops_Vegetables_and_melons_q,Crops_Fruits_and_nuts_p,Crops_Fruits_and_nuts_q,Crops_Other_crops_p,Crops_Other_crops_q,Farm_related_output_p,Farm_related_output_q,Total_farm_input_p,Total_farm_input_q,Capital_input_Total_p,Capital_input_Total_q,Capital_input_Durable_equipment_p,Capital_input_Durable_equipment_q,Capital_input_Service_ buildings_p,Capital_input_Service_ buildings_q,Capital_input_Land_p,Capital_input_Land_q,Capital_input_Inventories_p,Capital_input_Inventories_q,Labor_input_Total_p,Labor_input_Total_q,Labor_input_Hired_ labor_p,Labor_input_Hired_ labor_q,Labor_input_Self_employed_and_unpaid_family_p,Labor_input_Self_employed_and_unpaid_family_q,Intermediate_ goods_input_Total_p,Intermediate_ goods_input_Total_q,Intermediate_ goods_input_Feed_and_seed_p,Intermediate_ goods_input_Feed_and_seed_q,Intermediate_ goods_input_Energy_p,Intermediate_ goods_input_Energy_q,Intermediate_ goods_input_Fertilizer_and_lime_p,Intermediate_ goods_input_Fertilizer_and_lime_q,Intermediate_ goods_input_Pesticides_p,Intermediate_ goods_input_Pesticides_q,Intermediate_ goods_input_Purchased_services_p,Intermediate_ goods_input_Purchased_services_q,Intermediate_ goods_input_Other_intermediate_goods_p,Intermediate_ goods_input_Other_intermediate_goods_q
1948,0.406,105319.1776,0.371,51683.146,0.2728,30167.5781,0.3097,14173.9894,0.9268,4078.0944,0.448,51336.3903,0.6976,4477.8567,0.5377,19490.8042,0.5419,2757.9909,0.305,5613.6042,0.2014,5600.3488,0.3393,12890.6327,0.1324,4460.2912,0.1646,259812.4321,0.2392,66717.1277,0.1016,11222.8553,0.0651,5305.4377,0.3574,40269.5582,0.0511,1562.2621,0.0419,250209.5053,0.0423,70997.2761,0.0416,179750.3057,0.2465,66167.4221,0.4293,27181.5395,0.1079,10028.0888,0.1576,5242.0308,0.3539,333.4163,0.1195,20390.1471,0.1126,1606.0087
1949,0.3574,103750.0851,0.3139,52043.5891,0.2335,31241.1967,0.2531,14808.8973,0.7911,4658.2697,0.4054,49729.0289,0.6743,3846.1104,0.4867,17922.0139,0.4499,2637.6829,0.2542,6357.8655,0.1879,4945.1288,0.3106,14232.851,0.1395,4198.6774,0.1408,263296.7329,0.1594,67988.6265,0.1144,13243.7471,0.0755,5535.6512,0.2163,40407.2781,0.0971,1690.2709,0.0424,244179.4895,0.0428,65962.473,0.0421,178798.8029,0.2326,68347.8703,0.3887,28119.5047,0.1099,11101.7018,0.1761,5083.384,0.3454,402.4053,0.1225,20333.929,0.1182,1877.2622
1950,0.3594,101213.4931,0.3154,52899.5403,0.2564,32043.7824,0.2489,14941.8345,0.6624,5011.8234,0.4065,46804.4783,0.6379,3585.1213,0.4315,18377.5228,0.4776,2678.8575,0.2337,6144.4567,0.243,4889.4268,0.3881,11009.1449,0.1557,4258.9926,0.1374,264782.6714,0.1675,69682.9866,0.1244,15281.364,0.0874,5719.5264,0.2249,40502.4167,0.0976,1667.9674,0.0406,234926.7024,0.0412,68767.9986,0.0402,166612.8317,0.2174,69743.9608,0.3557,28072.3484,0.1109,11388.1676,0.1499,6502.7431,0.3474,515.2714,0.1228,20826.1401,0.1251,1629.6196
1951,0.4008,105444.3999,0.372,55020.4965,0.3046,33802.4705,0.2894,14698.7494,0.7659,5350.8617,0.4297,49137.8055,0.635,3538.0449,0.4839,17755.6836,0.5165,2800.8868,0.2771,6236.6563,0.2145,5393.4271,0.3795,13998.7905,0.1838,3689.0772,0.1572,268895.693,0.2128,71069.0998,0.135,17054.8661,0.1159,5887.7546,0.2943,40543.5538,0.1214,1708.7601,0.0431,225899.7926,0.0439,66394.941,0.0427,159934.6301,0.2386,72906.9922,0.3945,29369.8721,0.1138,11820.0367,0.1675,6353.0266,0.4419,441.2565,0.1316,22656.5688,0.1349,1674.6637
1952,0.3876,108784.7817,0.3362,56257.3921,0.2595,35139.4237,0.3078,14839.131,0.6835,5465.7772,0.4423,51081.3338,0.6431,4539.3321,0.5025,18345.4135,0.5237,2801.1093,0.3409,5934.615,0.2071,5296.2429,0.3662,14009.4977,0.1693,3863.9812,0.1564,269523.6113,0.1966,72163.3483,0.1369,18539.0261,0.0925,6041.9603,0.2665,40519.4523,0.1612,1795.6254,0.0435,220851.432,0.0444,64873.5824,0.043,156399.1729,0.2507,73287.847,0.4178,29099.1058,0.1126,12338.9858,0.1792,6608.8574,0.4093,464.1545,0.1381,23267.4602,0.1369,1732.7273
1953,0.3526,110521.8733,0.3011,57743.5096,0.2163,35315.1039,0.276,15817.0928,0.7086,5610.9751,0.4071,51471.5075,0.6573,4168.0404,0.4489,18336.6908,0.4799,2827.3982,0.2625,6332.3593,0.2207,5423.9885,0.3486,14622.7093,0.1631,3886.8176,0.1451,268611.3566,0.1766,72764.3022,0.1419,19354.7342,0.0831,6197.2387,0.2319,40423.9023,0.1154,1852.6645,0.0427,211677.543,0.0438,63020.1132,0.0422,149031.7243,0.2311,73895.0282,0.362,29905.7253,0.1155,12628.2261,0.1905,6184.8966,0.2724,569.0335,0.1449,22282.6828,0.1454,1606.4155
1954,0.3414,110381.1758,0.2778,59326.4637,0.2154,36707.7938,0.2538,16212.8658,0.556,5927.6023,0.4092,50341.7144,0.6633,3659.4147,0.4578,18981.949,0.4963,2973.372,0.252,6142.0037,0.2157,5655.4059,0.3475,13356.6524,0.1675,3611.1643,0.1442,261383.9845,0.1636,73001.6859,0.1482,20340.1913,0.0916,6333.0335,0.1855,40239.4648,0.4878,1814.0838,0.0428,207438.8446,0.0441,59416.4996,0.0422,148486.8854,0.2406,70059.995,0.3826,27696.891,0.1183,12588.8648,0.1925,6281.5912,0.2637,633.4138,0.1468,21588.8911,0.1515,1521.9107
1955,0.3233,113407.6435,0.2627,60529.5614,0.1868,37996.9425,0.2562,16456.8625,0.5922,5830.9459,0.3853,52126.4846,0.6087,3456.6468,0.423,20002.4628,0.3989,3445.6832,0.2592,6492.6578,0.2161,5905.7749,0.3401,13598.5925,0.1965,3457.0246,0.1356,270404.1205,0.1514,73278.5752,0.1578,20700.9551,0.1309,6457.5206,0.1461,39942.9578,0.617,1861.1668,0.0433,202822.2556,0.0448,58393.3684,0.0426,144868.4307,0.2203,76212.5394,0.3315,31104.4668,0.1181,12916.0574,0.1872,6329.201,0.2411,829.3849,0.1492,22317.6147,0.1577,1511.6562
1956,0.3193,114080.1387,0.2552,61905.9884,0.1799,37432.8499,0.2654,16899.4293,0.5279,6483.5323,0.385,51611.4445,0.6058,3612.5673,0.404,19686.9697,0.4266,3747.8017,0.2785,6724.7229,0.2307,5886.637,0.3417,12793.5236,0.2004,3749.6534,0.1348,270274.2826,0.1441,73350.7285,0.1523,20957.0132,0.131,6563.0218,0.143,39542.4405,0.4583,1887.8482,0.0471,190090.1288,0.0489,53323.693,0.0462,137255.0802,0.2147,78725.9635,0.3137,32288.287,0.1209,12917.0861,0.1823,6394.6036,0.2348,1145.84,0.1545,22929.6456,0.1656,1415.3546
1957,0.3206,112712.6118,0.2725,60484.3744,0.2118,35680.2506,0.2714,17053.4845,0.481,6637.5402,0.3685,51191.6492,0.6239,3421.8969,0.3762,21536.8733,0.3925,3618.9069,0.2588,6606.4407,0.2153,5999.6465,0.3453,10744.4448,0.1884,4241.903,0.1347,268244.2237,0.1392,72462.9253,0.1429,20653.1834,0.1173,6641.6864,0.1356,39079.7497,0.5764,1838.5175,0.0513,176259.8626,0.0534,51155.5838,0.0503,125454.9792,0.2094,81235.2582,0.2967,33836.7425,0.1257,12701.7281,0.1805,6459.9247,0.2331,832.151,0.1579,23784.4739,0.1714,1499.6413
1958,0.3382,119024.3858,0.3003,61050.7428,0.2586,36240.9823,0.2676,17027.049,0.4924,7025.3765,0.3737,56248.6054,0.5763,5050.2924,0.3902,22722.2975,0.3917,4343.5431,0.2531,6860.0511,0.2509,5556.108,0.3437,11396.8587,0.2009,4448.9523,0.1493,269668.134,0.1765,72022.7361,0.147,20327.3501,0.1469,6711.3367,0.1847,38629.4374,0.847,1897.7113,0.0539,168019.0946,0.0563,51530.9681,0.0528,116644.3642,0.2186,84534.4542,0.315,35541.947,0.1282,12380.783,0.1869,6451.331,0.2261,999.6781,0.1603,24942.0862,0.1779,1523.8339
1959,0.3254,122114.6801,0.2805,62963.1725,0.2394,38190.071,0.2709,16993.6248,0.4203,7293.8844,0.3667,56960.2567,0.5962,4037.3804,0.3657,22959.1462,0.3703,3969.7613,0.2568,7246.2243,0.2508,6037.8568,0.3542,13594.4036,0.2169,5439.1628,0.1433,277288.7871,0.1508,72138.6674,0.1548,20404.2767,0.1619,6772.1937,0.1382,38284.7819,0.6783,1966.7441,0.0567,166861.9917,0.0593,50295.5753,0.0554,116781.4592,0.2158,89859.413,0.3059,36247.7882,0.1281,12559.0608,0.1822,7312.5103,0.2182,1310.6517,0.1647,28793.2331,0.1811,1862.6723
1960,0.3216,126015.2972,0.2768,62911.1415,0.2262,37980.6979,0.2749,17312.3702,0.4395,7139.3776,0.3613,60230.9446,0.552,4815.7106,0.3697,24108.921,0.3677,4248.5464,0.2761,7171.3032,0.2372,6446.0624,0.335,14243.957,0.2314,5821.684,0.1477,274334.9695,0.1655,72505.8245,0.1643,20579.5004,0.2086,6917.9811,0.1697,38110.7378,0.3563,1990.8248,0.0592,157565.5361,0.0621,50304.626,0.0578,107263.2796,0.2131,90097.1816,0.2983,36293.3508,0.1305,12724.295,0.1627,8260.0769,0.2441,1188.0045,0.1686,28037.5925,0.1829,1901.2847
1961,0.3272,127450.6101,0.2736,66033.8577,0.2296,39979.9006,0.2767,17824.9759,0.3947,7720.2322,0.3769,59409.0683,0.5763,4414.7815,0.3828,22482.774,0.4487,4891.7144,0.2523,7571.1983,0.2405,6694.4249,0.3576,14414.3253,0.2297,5429.4583,0.1549,269179.2832,0.1806,72320.1208,0.1845,20227.2341,0.1885,7052.6149,0.1951,38051.1565,0.2835,2030.8253,0.0616,153703.9615,0.0641,50074.9601,0.0604,103564.2079,0.2187,87713.5549,0.3062,34814.1389,0.1312,13020.5487,0.1773,8103.0307,0.2438,1353.4864,0.1719,27325.0042,0.1846,1909.0174
1962,0.3409,128464.1365,0.2786,65812.3431,0.2386,39876.2684,0.2697,18016.7093,0.404,7682.4895,0.4003,60376.0754,0.6962,4089.9355,0.4279,23177.6362,0.4202,4934.5193,0.2639,7686.8943,0.2308,6834.322,0.3546,15221.1255,0.2319,5533.5289,0.1605,272744.4572,0.1811,72236.5604,0.1889,19941.0797,0.1859,7199.3313,0.2003,38024.8665,0.1736,2088.1098,0.065,154239.3801,0.0672,49990.8182,0.064,104198.0045,0.2294,90139.5282,0.3283,36067.0127,0.1309,13193.0011,0.1897,8138.6927,0.2435,1511.1761,0.1744,27676.8825,0.186,2003.9655
1963,0.3404,133075.4154,0.2691,67568.7173,0.2224,41958.5377,0.2708,17949.4051,0.4055,7842.6332,0.41,62789.3939,0.6703,4282.2558,0.4486,24430.14,0.4544,5152.0769,0.2596,7717.8356,0.2552,6575.8196,0.3481,16026.1429,0.2291,6019.3371,0.1652,274210.9266,0.1821,72397.6394,0.1883,19945.3156,0.1702,7367.5728,0.2079,37970.4019,0.1304,2149.6633,0.0672,147803.3005,0.0691,49907.3438,0.0663,97753.3375,0.239,92850.5824,0.349,37516.0197,0.132,13356.4026,0.1981,8644.0193,0.241,1572.6472,0.1757,27631.1766,0.1855,2100.1498
1964,0.3352,132146.6331,0.2588,69851.2569,0.206,44004.3957,0.2746,18304.0055,0.3956,8117.5076,0.4103,60703.9994,0.5585,4745.6266,0.4573,22400.6844,0.4502,5175.2443,0.3105,7450.6927,0.2685,6707.3344,0.3368,15689.576,0.2277,5753.4747,0.1639,270197.2204,0.1629,72669.718,0.1965,20172.248,0.1546,7522.1647,0.1639,37846.8275,0.2335,2183.6602,0.0757,138875.6902,0.0776,45007.4862,0.0748,93809.4514,0.2371,92553.4685,0.3412,36768.9905,0.1314,13640.6875,0.191,9882.7706,0.2568,1565.2994,0.1814,26984.9183,0.1882,2238.965
1965,0.3514,135447.0943,0.2819,68315.4353,0.2391,42491.2816,0.2805,17958.8246,0.4061,8387.9178,0.4193,64503.8792,0.5618,4876.398,0.4591,25309.5749,0.4715,6098.2672,0.3482,7516.2125,0.2349,7022.9535,0.3586,14693.7065,0.2303,5629.2048,0.176,270450.2862,0.1953,72540.4186,0.1975,20495.5452,0.1522,7664.364,0.2016,37622.5898,0.6452,2115.3178,0.083,135460.5152,0.0848,42371.7207,0.0821,93084.1306,0.2362,93979.5532,0.3452,36026.2051,0.1312,13844.9352,0.159,12543.5052,0.279,1698.8035,0.1847,27363.9444,0.1899,2226.608
1966,0.3892,134740.8513,0.3194,69811.3867,0.2742,44118.3284,0.3183,17386.663,0.4432,8866.6766,0.458,63021.4105,0.658,4907.5221,0.5116,25251.352,0.5324,6257.0838,0.3271,7983.9987,0.2416,7229.7582,0.3892,12264.7383,0.2386,5371.5701,0.1921,272930.4992,0.2128,73162.1762,0.2018,21031.6619,0.1536,7815.9633,0.2249,37300.407,0.7872,2206.9684,0.0932,125852.8841,0.0949,38167.4024,0.0924,87716.3983,0.2545,98768.4908,0.3805,38892.2708,0.133,14047.0625,0.1756,12638.654,0.3088,1819.7601,0.19,27620.7934,0.1962,2272.0731
1967,0.3671,139187.7993,0.3032,71028.7073,0.2593,45464.148,0.3328,17254.0297,0.3696,9293.2058,0.4286,65888.3369,0.5996,5536.0239,0.4396,27609.7813,0.4663,6447.2075,0.32,8373.8892,0.2523,7202.3615,0.4524,11162.7792,0.2394,5505.0375,0.1862,274349.1981,0.1902,73685.9557,0.2078,21765.3819,0.1486,7982.9941,0.1936,36886.6934,0.522,2224.5454,0.1015,118287.1119,0.1031,35457.6964,0.1008,82868.8785,0.2449,102366.9515,0.3563,39189.7234,0.1363,13992.0058,0.1579,15380.5934,0.2996,2640.5354,0.1966,28120.8373,0.2034,2238.9345
1968,0.3698,141321.3209,0.3167,70886.5306,0.2669,45981.6498,0.3483,17101.4938,0.4001,9020.319,0.4185,67996.7868,0.5562,5868.4855,0.4297,26822.6492,0.452,7369.4893,0.3254,8890.0165,0.289,7068.6469,0.4177,12387.0948,0.2581,5252.3697,0.1912,273348.3168,0.1954,74451.2175,0.2151,22646.9333,0.1704,8203.066,0.2027,36390.6438,0.3981,2273.2981,0.1091,117832.8084,0.1106,34315.9349,0.1085,83577.9087,0.2456,101190.6365,0.3378,39652.4643,0.1373,14024.0406,0.19,12813.013,0.3135,2638.1685,0.2065,28015.6545,0.2095,2300.3461
1969,0.3907,144119.5594,0.3528,71201.5548,0.3052,46338.0353,0.3648,16984.5091,0.4503,9224.3872,0.4235,70518.3043,0.5778,5414.3599,0.4596,27773.9206,0.4256,7454.8908,0.3334,8525.0073,0.2587,8393.2406,0.3999,13944.9931,0.273,4863.6918,0.2063,272935.4795,0.226,74441.1237,0.2222,23020.6737,0.1774,8357.3193,0.2398,35827.3474,0.7064,2314.7661,0.1156,115787.1292,0.117,34616.1948,0.1149,81214.0829,0.2564,101789.6058,0.3479,41716.4627,0.1402,14230.1049,0.2081,11107.4135,0.3365,2692.5546,0.2197,26775.6981,0.2161,2299.1606
1970,0.4076,141887.2079,0.3593,73319.0674,0.3162,48434.2236,0.3802,17167.7345,0.4192,9607.2766,0.4518,66886.1392,0.6171,5067.5262,0.4939,25791.2967,0.4843,7566.8546,0.3368,8354.6914,0.2602,7959.1634,0.425,13114.3782,0.2749,4658.9498,0.2137,270658.723,0.223,74196.3213,0.2368,23201.6248,0.1611,8513.3661,0.2278,35222.5412,0.7076,2340.7182,0.1204,110773.301,0.1216,34881.1271,0.1198,75904.223,0.273,102425.9318,0.3738,42840.6568,0.1414,14253.4987,0.224,10868.1593,0.3465,2770.6964,0.2328,25938.2762,0.2277,2182.1198
1971,0.4057,151440.8368,0.3544,74042.9722,0.3121,48919.8448,0.3905,17443.4842,0.3844,9767.8872,0.4522,74855.2067,0.5967,5953.2861,0.462,31403.8503,0.5311,8332.0534,0.3535,8516.7848,0.2784,8280.8692,0.4546,12801.1081,0.2833,4746.6189,0.2287,268646.5168,0.2619,73750.708,0.2368,23427.0673,0.1426,8689.0421,0.3119,34630.6507,0.7522,2299.2845,0.1221,109014.614,0.1231,34491.2271,0.1217,74533.0154,0.2824,101983.9773,0.3825,41847.4204,0.1474,13966.9412,0.234,11339.503,0.3723,3070.324,0.2444,26210.4723,0.2374,2241.3454
1972,0.4536,152052.6851,0.4057,74358.302,0.3808,48395.2669,0.4032,17697.6601,0.3953,10055.4994,0.4972,75193.6064,0.673,5690.5523,0.5079,30622.322,0.5971,8509.5769,0.38,8644.9552,0.3436,7445.3453,0.4665,14628.687,0.3044,4686.8393,0.2542,271344.9079,0.3335,73587.3412,0.2448,23505.4655,0.151,8840.1607,0.4554,34113.213,0.7883,2432.9988,0.1267,108529.9276,0.1276,34351.3945,0.1262,74187.9642,0.2933,104629.8428,0.4017,43163.8851,0.1479,13827.0924,0.2377,11447.8584,0.3698,3696.6247,0.254,26197.8047,0.2453,2288.188
1973,0.6187,159303.1262,0.5289,75925.004,0.482,50786.6515,0.4748,17037.3801,0.676,9748.0504,0.7069,79968.7448,1.1883,6271.1256,0.7399,31617.6949,0.9502,10145.5513,0.5069,8583.703,0.3821,9015.438,0.5475,14592.8147,0.3361,5570.9904,0.3559,276914.4681,0.552,73491.6072,0.2626,23928.7533,0.1593,8927.6031,0.9115,33731.7204,0.8543,2476.1608,0.1472,107579.816,0.1484,34858.915,0.1467,72721.1814,0.3828,110128.8108,0.6171,43552.1904,0.1613,13990.6916,0.2143,16349.4384,0.387,3653.7575,0.2665,28044.1633,0.2548,2480.2898
1974,0.6962,150698.9488,0.4914,76221.56,0.4159,50976.0389,0.5537,17074.4506,0.6041,9784.0125,0.8997,72600.0073,1.3886,6659.262,1.0049,27066.394,1.2011,8176.9395,0.6244,8545.1987,0.3724,9237.7295,0.7142,14000.3848,0.3715,5787.1866,0.3793,276641.4674,0.4667,74130.3872,0.3036,25245.3935,0.1897,9116.558,0.6846,33545.5812,0.8674,2576.5249,0.1617,107281.3241,0.1629,37101.0625,0.1611,70153.9242,0.4852,109211.9581,0.7598,43284.3074,0.2368,13352.8649,0.3828,15812.9944,0.4688,3227.6605,0.2996,28362.2669,0.2823,3084.4727
1975,0.6478,163312.3045,0.5137,73566.4562,0.4251,47943.724,0.5814,17067.158,0.6774,9581.9516,0.7797,83076.6379,1.1283,7894.1573,0.919,31372.4826,0.9244,9986.164,0.5882,9089.0411,0.3594,9911.7392,0.5807,14925.396,0.377,8551.0015,0.3894,271661.0704,0.4709,74890.6938,0.2736,26277.7007,0.2092,9359.7051,0.748,33581.2189,0.4011,2490.1888,0.1723,105319.894,0.1737,37681.1586,0.1717,67598.4467,0.4976,105257.4438,0.7224,40988.8408,0.2489,15738.2262,0.5001,13317.8477,0.5556,3209.0667,0.3216,29384.046,0.3213,2969.0485
1976,0.6563,164135.6706,0.5332,76081.1719,0.4339,49059.3786,0.6417,17809.1754,0.6649,10313.2139,0.7756,82505.0965,1.0079,7851.6965,0.8914,31682.1029,0.9877,8533.7402,0.5593,9357.4312,0.3865,9609.4196,0.6449,15868.8412,0.4107,7699.8076,0.3818,282115.9633,0.4094,75751.7957,0.2979,26940.7341,0.2269,9445.3835,0.5797,33745.3241,0.4845,2649.8121,0.1917,103798.46,0.1932,38102.9826,0.191,65644.6051,0.5023,113100.7698,0.7452,42912.0826,0.2686,17727.0189,0.3995,16189.214,0.5538,3806.3053,0.3429,30777.7962,0.3438,2721.5772
1977,0.6409,171873.1946,0.5314,75442.9188,0.4315,46850.2548,0.6455,18205.708,0.6592,10590.5946,0.7433,89505.8841,0.8864,7362.4028,0.7816,33737.1973,1.0913,11579.1813,0.5839,9614.4409,0.4527,10168.3003,0.6296,16735.8656,0.4512,7799.4405,0.395,278880.1333,0.4291,76728.7091,0.318,27822.3019,0.2513,9595.0687,0.6184,33918.4507,0.2676,2586.5272,0.2101,100993.7071,0.2118,37169.042,0.2093,63774.0432,0.5049,110910.7409,0.7166,41131.1382,0.2914,18615.216,0.407,16040.2535,0.5917,3275.5125,0.3672,31686.2325,0.3697,2701.716
1978,0.7189,174053.176,0.6519,74490.0462,0.5864,45391.9507,0.705,18048.3103,0.7097,11083.7715,0.7885,91856.5699,1.0348,6887.7443,0.7889,36239.0632,1.1066,12226.3071,0.6107,10041.352,0.5721,10074.281,0.6985,15806.6758,0.4989,8308.0967,0.4203,297702.6479,0.477,77521.0047,0.3489,28542.8043,0.3609,9762.1143,0.6698,33981.1363,0.2718,2694.9449,0.2317,99304.636,0.2336,34949.7579,0.2309,64323.9308,0.5172,125952.0086,0.7032,47028.3969,0.307,19540.3007,0.4317,15335.6482,0.6688,3971.4915,0.3955,38252.5481,0.3975,4208.0846
1979,0.7994,184474.648,0.7686,75489.6591,0.7349,45058.9901,0.7973,18363.4094,0.7225,11947.8883,0.8433,100627.5562,1.1677,8032.5295,0.863,38166.5056,1.1513,14861.9264,0.6187,10483.7539,0.6002,10766.5263,0.7291,16784.1652,0.5472,8388.594,0.4811,306557.467,0.6038,76793.7502,0.4031,29560.7355,0.3428,9384.9489,0.7817,33851.886,1.749,2731.417,0.2426,100927.098,0.2445,36267.462,0.2417,64619.4093,0.5749,133261.7858,0.7815,50014.6635,0.396,17885.3613,0.4444,16580.6526,0.688,4994.3393,0.4356,40225.6786,0.4315,4912.7222
1980,0.8421,178381.1095,0.7521,79058.1733,0.6829,48102.7389,0.8544,19153.1322,0.7336,12105.0957,0.934,91579.6189,1.2247,8937.7267,1.0132,32664.5496,1.2091,11515.001,0.6937,10547.4114,0.5601,11706.9642,0.8394,16023.6503,0.5835,8945.7548,0.4831,310949.5499,0.4849,78464.5651,0.4763,30600.3581,0.4129,9929.4886,0.3854,33580.4931,2.2274,2887.8339,0.2535,98358.3806,0.2556,35975.9728,0.2526,62335.7123,0.6402,136255.4233,0.8592,52491.1951,0.5397,17426.1881,0.4496,21107.8207,0.7269,4868.455,0.4817,36788.68,0.4775,4128.6618
1981,0.8593,194209.9132,0.7551,81053.5846,0.656,48549.6717,0.9129,19821.6163,0.7649,12592.0725,0.9612,104603.6223,1.239,10560.284,1.0582,38820.9586,1.1549,12797.8297,0.8237,10664.0667,0.574,11502.402,0.8424,18962.9009,0.6173,8310.1436,0.5578,299157.6994,0.7025,77395.9197,0.5219,30672.2787,0.4825,9785.9984,0.8686,33248.6638,1.7547,2714.3017,0.2475,98156.9849,0.2499,35813.3879,0.2463,62298.1805,0.6884,128141.0054,0.883,50233.3719,0.6169,16724.8534,0.5385,17472.3548,0.7758,5415.0562,0.5293,34487.4811,0.5258,3179.0107
1982,0.8324,197039.8149,0.7542,80438.1697,0.6694,47704.6625,0.9014,20228.3281,0.7311,12636.2205,0.9109,105734.9655,1.17,10243.3751,1.0342,39671.6054,0.9829,14187.7447,0.7204,11250.9264,0.5938,11457.176,0.8175,17379.1629,0.6273,11201.2819,0.5626,291504.0517,0.6476,76253.3594,0.5551,30153.139,0.545,8749.1582,0.7379,32936.8712,1.2294,2906.1897,0.3079,91120.161,0.3114,32137.609,0.3061,58958.1785,0.6878,125872.5276,0.8348,51168.8017,0.6222,15710.9168,0.5932,13516.8975,0.8659,4945.3049,0.5537,35932.119,0.5597,3365.1653
1983,0.9476,169378.6106,0.7429,81463.1443,0.6422,48270.4836,0.8992,20848.8028,0.7611,12695.9993,1.1439,80889.8281,1.6633,8679.2029,1.425,25737.0788,1.2471,10648.1134,0.7591,11160.9685,0.5321,11381.9682,0.9108,14677.8609,0.6677,11164.9921,0.555,289201.7069,0.5819,75275.0412,0.6384,28809.4745,0.6363,9403.8426,0.4862,32704.8681,1.2367,2854.5937,0.2685,89945.488,0.272,35497.1092,0.2666,54353.2773,0.7382,125381.887,0.957,51833.9487,0.6024,15261.4214,0.5574,12657.1148,0.8651,4473.5399,0.574,35089.0871,0.5836,4602.3503
1984,0.9057,193101.4627,0.7704,81052.0175,0.6505,47487.281,0.8913,20118.484,0.9102,13016.384,1.0303,102359.2609,1.2987,9614.6609,1.1689,38154.7575,1.1907,12429.1118,0.7978,11470.9419,0.5952,11312.5592,0.9431,18507.7727,0.7163,9736.6492,0.6177,283130.4631,0.8385,73609.8389,0.8291,27478.9291,0.9852,9805.4555,0.804,32536.5703,1.2329,2527.6324,0.2903,87286.7291,0.2947,33070.4784,0.288,54153.9112,0.7129,123201.0313,0.8902,46470.8354,0.5926,15787.9564,0.4966,16835.7101,0.8552,5481.568,0.608,34231.4014,0.5945,5446.7903
1985,0.8231,200541.4825,0.7211,81786.4574,0.619,46745.9033,0.8455,21354.7237,0.7995,13611.3837,0.9149,107392.202,1.3193,9017.9539,1.0003,42031.5646,0.9326,13660.5086,0.7074,12117.5506,0.6219,11170.1957,0.8622,18342.0058,0.7035,11131.0528,0.6051,272792.9028,0.8007,72478.028,0.8829,26120.0913,1.0531,9868.1463,0.6252,32398.1251,1.5908,2717.839,0.3244,80627.8459,0.3303,29970.2742,0.3212,50614.896,0.683,118406.3163,0.796,47073.7583,0.5866,14173.6504,0.5281,14225.7821,0.8401,5158.4341,0.619,34102.2492,0.6193,3446.7319
1986,0.8159,193642.8124,0.734,82883.6047,0.6265,46946.2549,0.8289,21381.615,0.8709,14168.5243,0.8919,100831.259,1.3011,7911.9651,0.9436,39872.3893,0.8827,12517.6392,0.708,12512.5203,0.6714,10800.6765,0.8716,16770.7998,0.6951,10383.0136,0.5822,271375.5213,0.8236,69672.4274,0.8766,24353.3956,0.8914,9406.0148,0.6832,32258.5262,2.1363,2626.6853,0.3154,81989.9879,0.3215,28823.8246,0.312,53171.4132,0.6232,119941.2689,0.7327,46878.0824,0.54,13157.8648,0.4612,14788.8729,0.4227,10228.7639,0.6306,30593.2279,0.6315,4521.4633
1987,0.8257,195315.5267,0.762,83461.8418,0.7202,46442.8043,0.8307,21338.3155,0.7239,15441.5129,0.884,101136.5922,1.2286,7924.8331,0.9231,35321.5224,0.9099,12575.901,0.7449,13277.2591,0.6515,12366.046,0.8689,20154.6475,0.7306,11322.271,0.5983,269541.1101,0.8948,67104.6523,0.9209,22560.6197,0.9655,9069.5306,0.7305,32089.5562,2.76,2561.9412,0.3163,83443.3478,0.3229,29413.4277,0.3128,54032.7931,0.6184,121008.7862,0.7179,45683.1735,0.4848,14671.1947,0.4532,14237.1144,0.4292,10512.9884,0.6593,32301.0843,0.6366,4183.4497
1988,0.8991,184133.0347,0.7816,83668.1973,0.7416,45401.5822,0.8125,21700.3604,0.7927,15817.8652,1.0055,89162.8541,1.2842,7208.9505,1.1258,26322.019,1.2696,10421.3827,0.7727,12672.1543,0.6801,13280.2796,0.8718,21275.4448,0.7913,13281.931,0.6177,268025.9982,0.7874,65406.673,0.9478,21384.9869,0.9892,9103.2143,0.4699,31874.0156,2.9331,2471.3075,0.3472,84477.2993,0.3548,30368.2807,0.3431,54092.3219,0.6989,121232.7298,0.892,44899.7458,0.4881,14670.5324,0.4783,16050.9567,0.4554,9107.8686,0.6924,32909.8859,0.6597,4399.6051
1989,0.922,199161.0937,0.8374,84332.2163,0.7642,45372.9733,0.8983,21548.5841,0.9068,16461.1845,0.9999,101642.3053,1.2482,7907.3547,1.1003,35398.2692,1.1074,12477.7564,0.8843,13074.1513,0.7206,12699.4676,0.8897,20386.2852,0.809,14078.7624,0.6936,264754.632,0.9937,63818.6433,0.8777,20457.2367,0.9443,9266.8219,0.9906,31635.5177,2.3072,2327.9503,0.3913,81692.5489,0.4002,28484.3414,0.3864,53222.864,0.7255,121647.2965,0.9199,42873.5154,0.5101,14546.3482,0.5228,15634.064,0.4687,10692.3148,0.7127,35490.1608,0.6968,4188.5455
1990,0.9225,208487.2153,0.8715,86098.1053,0.8444,45706.1758,0.9102,22139.7367,0.8449,17515.6826,0.9736,108656.9392,1.1559,10199.5247,1.0576,36483.2921,1.0609,12554.7168,0.8348,13504.4772,0.7528,12496.8224,0.9102,23364.3018,0.8052,14292.0927,0.7244,265523.5345,1.0316,63007.77,0.8279,19835.806,0.996,8988.0875,1.1303,31409.1641,1.6913,2437.9405,0.4632,76360.1613,0.4737,28348.6137,0.4574,47963.7252,0.7261,126658.6092,0.8764,46416.2112,0.5794,14491.4041,0.5466,15012.8981,0.4905,10935.4447,0.7198,36430.0272,0.7317,4229.7003
1991,0.8889,209463.1937,0.8238,88545.7031,0.818,47238.7857,0.8133,22139.4329,0.8026,18273.7922,0.9463,107581.7685,1.1883,7782.322,0.9915,35637.9852,0.995,13564.7032,0.8036,14173.7722,0.8011,12339.325,0.9026,24702.5871,0.8114,14096.6192,0.6923,268948.0056,0.9242,62496.1321,0.8604,19399.2307,0.9825,8910.3113,0.9296,31235.6985,1.3009,2519.8479,0.4573,76876.1902,0.468,28271.3388,0.4515,48566.3961,0.7154,130383.4379,0.8453,46597.2552,0.5684,14499.4173,0.4442,19509.0411,0.6193,10205.459,0.7337,37070.7671,0.7573,4565.2911
1992,0.8793,221571.4033,0.8079,90630.1803,0.7654,48285.5672,0.8721,22630.4648,0.7889,19136.2704,0.9367,117952.8304,1.2159,9547.5775,0.9827,41368.4309,0.9847,14385.3532,0.7968,14770.1742,0.7887,12873.612,0.8787,25010.4568,0.843,13177.1093,0.744,261857.1537,1.1072,61695.8858,0.8736,18768.3935,1.0284,8709.7609,1.3189,31155.8506,0.7407,2516.5442,0.4665,74909.332,0.486,26750.4116,0.4557,48162.4747,0.7282,125727.9969,0.844,46322.3372,0.5527,14312.3512,0.523,15929.3373,0.6133,10550.3779,0.7485,35653.4068,0.7739,3960.9006
1993,0.9109,210827.9585,0.8401,91502.6115,0.8129,48207.7498,0.8515,22620.7414,0.8444,19968.1889,0.9651,106312.2173,1.2039,9125.2552,1.0017,31934.7667,1.084,12357.3463,0.8955,15311.0318,0.7464,13810.4362,0.8924,24697.0055,0.8962,14023.5389,0.7272,264083.0729,0.9335,61020.4985,0.8549,18068.7386,1.0717,8490.8311,1.0134,31195.5694,0.3051,2629.169,0.5098,71804.3559,0.5329,26622.3741,0.4969,45117.2443,0.7523,130887.9723,0.8727,47372.5318,0.5584,14375.0318,0.5515,15223.5729,0.6453,10412.7649,0.7701,39818.957,0.7894,4199.1236
1994,0.894,235639.1224,0.7897,96610.1654,0.7038,51895.1085,0.8657,23084.5782,0.8578,20956.2248,0.9699,125627.0063,1.2064,9199.3494,1.0427,42120.4092,1.043,16592.2773,0.8306,16915.2719,0.7201,14339.1538,0.9342,26733.3955,0.9264,13508.3255,0.7746,271956.7015,1.0338,59676.2825,0.9254,17480.5707,1.0908,8293.1575,1.0261,31312.6649,1.7264,2513.4227,0.537,82772.8507,0.5565,25929.4066,0.5259,57079.1045,0.7869,132825.8974,0.9056,48071.755,0.5415,14765.9484,0.7607,12063.2608,0.5938,12158.9054,0.7933,41271.0241,0.8012,4805.2928
1995,0.9221,223253.2181,0.7612,98329.4554,0.662,52316.1853,0.8511,23356.9855,0.852,21720.5056,1.0475,111676.8088,1.3807,8549.6614,1.1412,34516.9814,1.0616,14345.7204,0.935,16024.7899,0.8263,13403.6694,0.9487,25624.7907,0.9301,15098.8357,0.734,280458.9611,0.8109,59490.1199,0.9618,16958.0282,0.9375,8095.3593,0.5719,31453.7507,2.3423,2711.7276,0.5539,83188.1316,0.5741,26860.4857,0.5425,56517.8848,0.7921,140814.5918,0.9203,50085.4052,0.5421,15489.6407,0.6923,14485.6946,0.5913,13054.4189,0.8127,43048.8367,0.8228,5251.5923
1996,0.9715,234006.4278,0.8201,97883.1772,0.6705,50306.259,0.9832,23173.7601,0.9478,22997.1887,1.091,121308.5567,1.3604,8847.468,1.2157,40367.6684,1.2469,15500.3223,0.8697,16569.8577,0.8817,13500.5718,0.9478,26799.7835,0.959,15347.8548,0.8701,261289.1652,1.1017,58540.4618,0.9471,16453.5332,0.8975,7910.1929,1.09,31573.2848,2.8482,2595.8951,0.6027,77024.7159,0.6246,25652.035,0.5902,51503.3431,0.9091,128061.2335,1.0789,45255.2525,0.5901,15494.7736,0.831,13152.2653,1.0302,8268.5052,0.8341,42071.8723,0.8399,4661.5265
1997,0.9336,243352.6214,0.8214,99687.8497,0.7302,51219.7286,0.891,23502.8365,0.9202,23493.9323,1.0164,127476.2526,1.1186,9589.8519,1.0601,40276.8769,1.2444,17374.7513,0.8761,16742.9619,0.8232,15965.9192,0.948,27972.9088,0.9655,16308.921,0.8399,270496.2856,1.005,58716.1512,1.012,16183.9068,0.9754,7741.6997,0.7897,31631.9105,3.6522,2765.7373,0.6128,76414.006,0.635,26996.9048,0.6001,49456.6455,0.8857,137036.3461,1.0328,48644.6985,0.5853,15865.5882,0.8174,13368.9591,0.8878,10156.5732,0.847,44007.4747,0.8518,5428.4417
1998,0.8878,244915.4575,0.8053,100384.6319,0.6358,51281.2362,1.0178,23692.1391,0.9331,23930.9024,0.9477,125695.681,0.9549,9824.0868,0.9441,41146.1088,1.0699,17848.674,0.9084,16529.8837,0.8222,14573.6457,0.9531,25810.6151,0.9157,19077.9197,0.7965,272986.9666,0.8981,58508.8131,1.0448,16132.9755,0.9621,7576.4173,0.6338,31600.7249,3.0165,2776.2146,0.6392,72567.0989,0.6624,27493.3352,0.626,45003.3589,0.8319,142442.5045,0.9059,52450.8283,0.5315,16006.661,0.7878,13486.0859,0.8746,10310.3068,0.8525,45228.0616,0.8602,4976.9997
1999,0.8482,250603.1867,0.7849,102937.3089,0.6499,51368.554,0.9465,24519.2362,0.892,25022.9225,0.8897,127088.5039,0.915,9233.9608,0.8635,41059.1955,0.9711,17228.1186,0.8321,18042.7259,0.8065,14899.6146,0.9389,26841.2296,0.896,20873.9366,0.7719,275378.2155,0.8554,58307.635,1.1201,16221.3684,1.0124,7430.8068,0.5716,31479.2776,2.2507,2750.5076,0.6378,71802.3837,0.661,28602.9928,0.6246,43048.3019,0.8031,145549.3527,0.8251,55394.313,0.5278,16249.4693,0.7787,12740.7023,0.8554,10074.236,0.8641,45874.0372,0.8716,5092.3824
2000,0.8604,249434.2081,0.8027,102880.5693,0.7785,49867.3428,0.8159,25233.1468,0.8335,25504.3728,0.8966,129463.2597,0.8962,8874.7309,0.8767,41659.0927,0.9864,17694.566,0.8807,17777.9061,0.7634,16224.2831,0.9403,27524.3343,0.9131,17474.7219,0.7889,272020.6879,0.6887,60036.0388,1.1505,16172.0337,1.0699,7311.5384,0.1228,31291.3019,4.0586,2728.7935,0.8107,68818.1374,0.8207,24024.8451,0.8055,44778.3244,0.8196,143331.7888,0.8439,54088.0873,0.6568,15515.1265,0.6726,14898.4493,0.8147,10453.5719,0.8887,43554.2066,0.8869,4960.8197
2001,0.8966,251059.1271,0.8729,103714.3944,0.7851,51038.5758,0.99,24934.9117,0.9269,25918.1831,0.9096,128952.9235,0.8941,8176.0374,0.9074,40862.5405,0.9587,18809.3022,0.911,16963.4863,0.752,15828.9812,0.9617,28427.3533,0.9201,18773.3585,0.8446,266523.2754,0.7423,59510.9708,1.1242,16142.517,0.9808,7227.2985,0.3103,31063.7454,3.3737,2756.811,0.8511,68667.9077,0.8617,24228.1997,0.8457,44419.9389,0.8835,138645.9297,0.895,52687.8643,0.6896,15145.9618,0.7546,13678.4426,1.2194,7065.6958,0.9124,44990.556,0.9048,5417.732
2002,0.8608,246197.9918,0.7596,104602.1558,0.7167,49678.1224,0.8354,25667.3576,0.762,26983.9767,0.9313,123657.9503,0.9894,7013.8917,0.9527,38556.0154,0.9094,17621.3404,0.9513,17493.6835,0.8028,15910.733,0.9455,27351.246,0.9281,18642.4972,0.8005,264737.2353,0.5379,60270.5898,1.104,16342.2925,0.9143,7090.3815,0.0959,30828.2799,1.7695,2790.5739,0.836,69362.2541,0.8464,24562.2792,0.8307,44778.3223,0.8952,135740.372,0.9344,51821.669,0.6383,16473.0482,0.7817,12306.1089,1.094,7601.9177,0.9319,42858.9731,0.918,5119.1961
2003,0.9139,252820.5962,0.8329,105780.2713,0.831,49680.9068,0.8613,25709.5936,0.8051,28536.4975,0.9696,128736.5823,1.0423,9343.135,0.948,42290.5396,1.0457,16089.3896,0.995,17148.3585,0.8459,16054.0394,0.9767,28045.1774,0.967,18759.6231,0.8872,260438.7764,0.8666,56886.4059,1.0789,16553.3026,0.9777,6978.5806,0.6735,30613.507,1.4802,2700.8264,0.8423,66958.4078,0.8528,24024.8449,0.837,42906.7306,0.9172,136682.822,0.9773,52736.6132,0.7452,13846.1883,0.6453,15531.6981,1.0785,7804.2039,0.9578,42515.3677,0.9252,4694.6235
2004,1.0201,264893.2257,1.0086,104549.8146,0.9533,50105.2845,1.0693,25784.6461,1.0503,27331.1615,1.0281,140875.4581,1.0941,9017.8926,1.0414,46620.8653,1.1779,19958.7257,0.9268,17822.9927,0.9238,16462.0489,1.0061,30876.9187,1.026,19429.7171,1.0458,258399.8419,1.2847,56940.189,1.072,16992.239,1.0957,6861.1996,1.4266,30413.3854,1.5306,2632.0604,1.0061,64401.9427,1.0186,21773.4236,0.9997,42627.9232,0.9649,137094.8976,1.0444,52929.6269,0.7811,14857.1965,0.7506,15221.3362,1.0109,8525.0202,0.9873,42024.7663,0.9607,4017.5008
2005,1,261449.3366,1,107197.1406,1,49960.3067,1,26714.4467,1,28247.5168,1,135502.9322,1,8763.1615,1,43921.0723,1,20069.9634,1,17247.8976,1,14997.973,1,30412.5373,1,18749.2638,1,261449.3366,1,57553.6899,1,17725.121,1,6761.2685,1,30217.694,1,2849.6064,1,65361.0441,1,22033.0009,1,43328.0432,1,138534.6026,1,54502.1333,1,13754.042,1,12829.639,1,8819.883,1,43710.9008,1,4918.0045
2006,0.9844,263325.9628,0.917,109374.8917,0.9544,50386.8266,0.8685,27453.4255,0.8946,29113.3049,1.0331,133358.5314,1.1761,7558.8072,1.0173,41226.3999,1.0012,20178.8872,1.0623,17064.7151,1.0534,16379.2125,1.0137,30807.1632,1.0222,20682.1093,0.9931,261002.2164,0.7687,57755.2413,0.9756,18165.9887,0.9352,6646.3847,0.4961,30018.5234,1.9592,2841.868,1.0873,60742.9129,1.0848,20175.0086,1.0885,40567.3943,1.0434,142574.9403,1.0756,54815.4136,1.141,13244.3169,0.9287,14354.8595,0.9614,9382.8151,1.0271,45933.0549,1.0363,4990.0854
2007,1.1721,268123.8455,1.0791,109747.1042,0.9651,51019.5853,1.267,28040.628,1.0968,29354.1934,1.2517,138522.9565,1.592,8423.7875,1.3763,48292.1196,1.3866,17230.1195,1.1331,17053.5785,1.0609,17580.9346,1.0723,29427.2977,1.1411,19671.3822,1.1465,274109.3592,1.0677,57244.5119,1.0706,18165.6788,0.9187,6520.1642,0.9533,29810.919,2.6234,2769.4709,1.137,62037.8268,1.1338,22060.9314,1.1386,39981.8765,1.1836,154278.3299,1.3226,56641.9535,1.1889,15203.6705,1.1782,15049.7578,0.896,11738.4682,1.0934,50940.0908,1.0697,5300.6777
2008,1.3297,270064.7692,1.089,111505.8327,0.9504,51062.9405,1.223,28700.9079,1.1964,30477.328,1.5324,137256.2506,2.132,10070.7762,1.8573,45972.9514,1.8405,18899.0826,1.206,14136.772,1.0816,17238.407,1.1232,29289.828,1.269,21549.1887,1.3484,266321.9909,1.2579,57276.7489,1.0772,18417.2111,0.9525,6405.9151,1.343,29661.8384,2.2522,2786.1821,1.2167,60841.9056,1.2104,21255.4957,1.22,39589.0118,1.4403,147909.7335,1.7187,55931.3931,1.5515,13826.1516,1.5603,14442.3034,1.0352,11319.3197,1.1682,47173.9667,1.1277,5401.7158
2009,1.1782,273219.3909,0.9298,109029.8899,0.8663,50752.1091,0.8513,28591.2158,1.1138,29126.0027,1.3687,140600.663,1.6699,9179.6379,1.4997,48295.0219,1.6984,21167.2498,1.2651,14067.9865,1.0824,17718.7572,1.136,27893.304,1.231,22827.0113,1.2374,260152.3725,0.9345,57804.2142,1.0003,19082.5843,1.123,6331.2271,0.8345,29583.8044,1.1318,2766.4743,1.2585,59221.0664,1.2385,20683.2489,1.2692,38540.2522,1.3503,143209.5926,1.5623,55701.9692,0.9961,17845.5799,1.8345,10975.6937,1.1131,10348.9738,1.1651,43774.4341,1.1536,5127.7256
2010,1.2578,268709.2983,1.0849,110401.5974,1.0214,50665.9801,1.0785,29154.5655,1.196,29579.7975,1.3959,139667.0614,1.5557,9253.9356,1.5191,46199.4369,1.7395,21085.0436,1.2399,14037.659,1.2073,17901.7774,1.1851,29201.1619,1.2654,18367.604,1.3072,258553.6889,1.3678,57744.5622,1.0316,19095.0499,1.7337,6235.8312,1.6022,29553.9694,0.4266,2628.3527,1.1095,58978.9572,1.0872,22237.3729,1.1215,36788.9345,1.3622,142093.2826,1.5589,56241.61,1.2661,14511.6934,1.6511,12741.6855,1.0593,10124.6118,1.171,42734.0701,1.1587,4927.8952
2011,1.5184,268779.5249,1.2483,112136.2332,1.2283,52202.7112,1.3324,29670.0579,1.1946,30200.7567,1.7532,134087.4723,2.0784,8228.023,2.2364,44445.3607,2.0874,19651.382,1.283,13731.0107,1.2966,18638.5637,1.2934,27606.7174,1.408,23469.6659,1.5777,258664.2752,2.0999,57652.7193,1.133,19288.7985,2.1609,6118.1717,2.8433,29546.3522,0.8329,2380.3693,1.0648,59080.1064,1.0439,21884.6164,1.0761,37231.0817,1.5754,142264.6323,1.9809,53636.575,1.5453,13648.4115,1.935,12992.4386,0.7791,15193.4667,1.2379,43712.654,1.1911,4786.3872
2012,1.6198,267555.3102,1.2795,113081.2246,1.2958,51909.5658,1.2367,30338.0862,1.2883,29560.4648,1.9223,128673.4065,2.1529,9235.6269,2.5341,39961.5145,2.3762,19525.7395,1.2226,14242.6047,1.503,18701.2009,1.2978,26331.4985,1.4658,28220.0473,1.6774,258369.9863,1.8691,57920.5442,1.0796,19910.2474,1.5828,6054.4528,2.5375,29543.7283,0.9462,2339.1904,1.3059,58616.2726,1.2795,21935.8667,1.3202,36722.4964,1.7511,141966.4202,2.1905,52938.0657,2.7709,7908.7508,1.9131,15080.0619,0.7879,17805.5627,1.2655,47452.0653,1.2137,6416.6791
2013,1.6219,287330.6273,1.369,113666.2576,1.3302,51750.6123,1.3316,30424.2295,1.4729,29927.6942,1.8438,144367.4961,2.0929,8762.1014,2.2841,49562.0117,2.3277,21414.5744,1.3885,13985.157,1.5333,19503.5236,1.2673,27861.6174,1.5053,29393.3322,1.7778,262141.2632,2.4516,60313.524,1.1374,21198.147,1.2769,5982.9129,3.7297,30801.5541,0.5945,2078.0001,1.2476,59136.2597,1.2297,22733.6951,1.2568,36460.8272,1.7158,142433.4942,2.172,52390.7351,2.6942,8479.465,1.6212,17486.6923,0.7958,18383.7132,1.2891,44511.7526,1.2284,6012.3153
2014,1.5967,284613.6778,1.6015,110487.453,1.6259,52585.175,1.5839,31159.1062,1.5788,30304.8935,1.6151,146291.8076,1.8643,8650.6036,1.7306,51123.8475,1.9697,24385.6804,1.3436,14045.6511,1.676,19051.8083,1.3545,24071.0543,1.502,27435.9041,1.6449,276272.281,2.0623,60883.0256,1.1439,22479.0152,1.0417,5951.3315,3.0135,30734.8779,0.4606,2229.4926,1.273,56630.9274,1.2625,22674.3593,1.2774,34027.3599,1.6251,158008.4189,1.9699,58448.6142,2.7175,8685.8262,1.6089,17442.6899,0.6699,23638.9935,1.2909,50895.035,1.2492,6754.9386
2015,1.4337,284009.5945,1.3954,113458.3547,1.4738,54810.2822,1.1328,31549.8655,1.5313,30717.1413,1.4591,143898.9077,1.5731,8538.4624,1.559,49699.9471,1.6279,24920.1685,1.4095,14013.9875,1.4775,18317.8847,1.3382,23470.313,1.479,26308.1366,1.4626,278401.4574,1.6123,61417.4133,1.1133,23511.0847,1.001,5913.6625,2.1373,30690.3939,0.6023,2210.853,1.1718,62869.6343,1.1522,23555.8911,1.1822,39362.3641,1.5166,154624.7823,1.8306,57847.8904,1.9107,9885.8503,1.4673,17409.3918,0.7123,20538.7757,1.2914,47953.5731,1.2653,6018.9193
